Workbook

Sheet Scenario
A1: Scenario: remove the first_order_flat promo (Q0 new-customer cohort, 90-day view)
A3: DATA (from Data_Groups)
A4: Q0 new customers | B4: =SUM(Data_Groups!B2:B4)
A5: Share of new customers on first_order_flat | B5: =Data_Groups!B2/B4
A6: 90-day CM per customer, flat-promo group ($) | B6: =Data_Groups!D2
A7: 90-day CM per customer, all other new customers ($) | B7: =(Data_Groups!B3*Data_Groups!D3+Data_Groups!B4*Data_Groups!D4)/(Data_Groups!B3+Data_Groups!B4)
A8: 90-day repeat rate, flat-promo group | B8: =Data_Groups!C2
A9: 90-day repeat rate, all other new customers | B9: =(Data_Groups!B3*Data_Groups!C3+Data_Groups!B4*Data_Groups!C4)/(Data_Groups!B3+Data_Groups!B4)
A11: ASSUMPTIONS (blue cells are editable)
A12: Share of flat-promo customers who never sign up without the promo | B12: 0.2
A13: Value of the ones who stay, as % of a normal non-flat customer | B13: 0.8
A15: RESULTS
A16: Baseline 90-day CM, Q0 cohort ($) | B16: =B4*B5*B6+B4*(1-B5)*B7
A17: Scenario 90-day CM ($) | B17: =B4*(1-B5)*B7+B4*B5*(1-B12)*B7*B13
A18: Change in 90-day CM ($) | B18: =B17-B16
A19: New customers lost | B19: =B4*B5*B12
A20: Baseline 90-day repeat rate | B20: =(B4*B5*B8+B4*(1-B5)*B9)/B4
A21: Scenario 90-day repeat rate | B21: =(B4*(1-B5)*B9+B4*B5*(1-B12)*B9)/(B4-B19)
A22: Break-even share lost (capped at 100%) | B22: =MAX(0,MIN(1,1-B6/(B7*B13)))
A24: Notes: the scenario assumes customers who stay behave like other new customers; a lower value in B13 is a haircut for their higher promo sensitivity. This is an assumption, not a measured effect. Lost customers also mean lost GMV and growth, which this CM-only view does not price.

Sheet Data_Groups
A1: First-order group (Q0 cohort) | B1: Customers | C1: 90-day repeat rate | D1: 90-day CM per customer ($) | E1: Orders in 90 days
A2: first_order_flat | B2: 2579 | C2: 0.138 | D2: -0.353 | E2: 1.788
A3: other_promo | B3: 2583 | C3: 0.42 | D3: 3.901 | E3: 3.416
A4: no_promo | B4: 2243 | C4: 0.443 | D4: 9.583 | E4: 3.602

Sheet Promo_Economics
A1: promo_type | B1: orders | C1: gmv | D1: discount | E1: discount_rate | F1: cm_per_order
A2: no_promo | B2: 98432 | C2: 1864139 | D2: 0 | E2: 0 | F2: 4.32
A3: pct_off | B3: 51019 | C3: 961609 | D3: 204624 | E3: 0.2128 | F3: 0.39
A4: free_delivery | B4: 10961 | C4: 299705 | D4: 78945 | E4: 0.2634 | F4: -1.81
A5: loyalty_credit | B5: 8981 | C5: 196540 | D5: 52998 | E5: 0.2697 | F5: -1.1
A6: first_order_flat | B6: 7021 | C6: 143292 | D6: 42126 | E6: 0.294 | F6: -1.48
A7: cashback | B7: 6236 | C7: 177500 | D7: 33048 | E7: 0.1862 | F7: 0.39
A8: bundle | B8: 812 | C8: 31657 | D8: 5908 | E8: 0.1866 | F8: -0.37

Sheet Sensitivity
A1: Change in 90-day CM ($): share lost (rows) x value of those who stay (columns)
A2: Share lost \ value kept | B2: 0.5 | C2: 0.7 | D2: 0.8 | E2: 0.9 | F2: 1
A3: 0 | B3: =Scenario!$B$4*Scenario!$B$5*((1-$A3)*Scenario!$B$7*B$2-Scenario!$B$6) | C3: =Scenario!$B$4*Scenario!$B$5*((1-$A3)*Scenario!$B$7*C$2-Scenario!$B$6) | D3: =Scenario!$B$4*Scenario!$B$5*((1-$A3)*Scenario!$B$7*D$2-Scenario!$B$6) | E3: =Scenario!$B$4*Scenario!$B$5*((1-$A3)*Scenario!$B$7*E$2-Scenario!$B$6) | F3: =Scenario!$B$4*Scenario!$B$5*((1-$A3)*Scenario!$B$7*F$2-Scenario!$B$6)
A4: 0.1 | B4: =Scenario!$B$4*Scenario!$B$5*((1-$A4)*Scenario!$B$7*B$2-Scenario!$B$6) | C4: =Scenario!$B$4*Scenario!$B$5*((1-$A4)*Scenario!$B$7*C$2-Scenario!$B$6) | D4: =Scenario!$B$4*Scenario!$B$5*((1-$A4)*Scenario!$B$7*D$2-Scenario!$B$6) | E4: =Scenario!$B$4*Scenario!$B$5*((1-$A4)*Scenario!$B$7*E$2-Scenario!$B$6) | F4: =Scenario!$B$4*Scenario!$B$5*((1-$A4)*Scenario!$B$7*F$2-Scenario!$B$6)
A5: 0.2 | B5: =Scenario!$B$4*Scenario!$B$5*((1-$A5)*Scenario!$B$7*B$2-Scenario!$B$6) | C5: =Scenario!$B$4*Scenario!$B$5*((1-$A5)*Scenario!$B$7*C$2-Scenario!$B$6) | D5: =Scenario!$B$4*Scenario!$B$5*((1-$A5)*Scenario!$B$7*D$2-Scenario!$B$6) | E5: =Scenario!$B$4*Scenario!$B$5*((1-$A5)*Scenario!$B$7*E$2-Scenario!$B$6) | F5: =Scenario!$B$4*Scenario!$B$5*((1-$A5)*Scenario!$B$7*F$2-Scenario!$B$6)
A6: 0.3 | B6: =Scenario!$B$4*Scenario!$B$5*((1-$A6)*Scenario!$B$7*B$2-Scenario!$B$6) | C6: =Scenario!$B$4*Scenario!$B$5*((1-$A6)*Scenario!$B$7*C$2-Scenario!$B$6) | D6: =Scenario!$B$4*Scenario!$B$5*((1-$A6)*Scenario!$B$7*D$2-Scenario!$B$6) | E6: =Scenario!$B$4*Scenario!$B$5*((1-$A6)*Scenario!$B$7*E$2-Scenario!$B$6) | F6: =Scenario!$B$4*Scenario!$B$5*((1-$A6)*Scenario!$B$7*F$2-Scenario!$B$6)
A7: 0.4 | B7: =Scenario!$B$4*Scenario!$B$5*((1-$A7)*Scenario!$B$7*B$2-Scenario!$B$6) | C7: =Scenario!$B$4*Scenario!$B$5*((1-$A7)*Scenario!$B$7*C$2-Scenario!$B$6) | D7: =Scenario!$B$4*Scenario!$B$5*((1-$A7)*Scenario!$B$7*D$2-Scenario!$B$6) | E7: =Scenario!$B$4*Scenario!$B$5*((1-$A7)*Scenario!$B$7*E$2-Scenario!$B$6) | F7: =Scenario!$B$4*Scenario!$B$5*((1-$A7)*Scenario!$B$7*F$2-Scenario!$B$6)
A8: 0.5 | B8: =Scenario!$B$4*Scenario!$B$5*((1-$A8)*Scenario!$B$7*B$2-Scenario!$B$6) | C8: =Scenario!$B$4*Scenario!$B$5*((1-$A8)*Scenario!$B$7*C$2-Scenario!$B$6) | D8: =Scenario!$B$4*Scenario!$B$5*((1-$A8)*Scenario!$B$7*D$2-Scenario!$B$6) | E8: =Scenario!$B$4*Scenario!$B$5*((1-$A8)*Scenario!$B$7*E$2-Scenario!$B$6) | F8: =Scenario!$B$4*Scenario!$B$5*((1-$A8)*Scenario!$B$7*F$2-Scenario!$B$6)
A9: 0.75 | B9: =Scenario!$B$4*Scenario!$B$5*((1-$A9)*Scenario!$B$7*B$2-Scenario!$B$6) | C9: =Scenario!$B$4*Scenario!$B$5*((1-$A9)*Scenario!$B$7*C$2-Scenario!$B$6) | D9: =Scenario!$B$4*Scenario!$B$5*((1-$A9)*Scenario!$B$7*D$2-Scenario!$B$6) | E9: =Scenario!$B$4*Scenario!$B$5*((1-$A9)*Scenario!$B$7*E$2-Scenario!$B$6) | F9: =Scenario!$B$4*Scenario!$B$5*((1-$A9)*Scenario!$B$7*F$2-Scenario!$B$6)
A10: 1 | B10: =Scenario!$B$4*Scenario!$B$5*((1-$A10)*Scenario!$B$7*B$2-Scenario!$B$6) | C10: =Scenario!$B$4*Scenario!$B$5*((1-$A10)*Scenario!$B$7*C$2-Scenario!$B$6) | D10: =Scenario!$B$4*Scenario!$B$5*((1-$A10)*Scenario!$B$7*D$2-Scenario!$B$6) | E10: =Scenario!$B$4*Scenario!$B$5*((1-$A10)*Scenario!$B$7*E$2-Scenario!$B$6) | F10: =Scenario!$B$4*Scenario!$B$5*((1-$A10)*Scenario!$B$7*F$2-Scenario!$B$6)
